id,system_name,primary_attribute,attack_type,base_health,base_health_regen,base_mana,base_mana_regen,base_armor,base_mr,base_attack_min,base_attack_max,base_str,base_agi,base_int,str_gain,agi_gain,int_gain,attack_range,projectile_speed,attack_rate,base_attack_time,attack_point,move_speed,turn_rate,legs,day_vision,night_vision,name,1_pick,1_win,2_pick,2_win,3_pick,3_win,4_pick,4_win,5_pick,5_win,6_pick,6_win,7_pick,7_win,8_pick,8_win,turbo_picks,turbo_wins,pro_pick,pro_win,pro_ban,pub_pick,pub_win,x,y
1,antimage,agi,Melee,120,1.0,75,0.0,1,25,29,33,21,24,12,1.6,2.8,1.8,150,0,1.4,100,0.30000000000000004,310,,2,1800,800,Anti-Mage,43571,22390,83623,43013,87038,44584,72846,36565,50401,25362,30411,15092,27126,13404,0,0,171491,89484,17,7,35,438097,222363,9.187915,6.9234786
2,axe,str,Melee,120,2.5,75,0.0,0,25,31,35,25,20,18,2.8,1.7000000000000002,1.6,150,900,1.7000000000000002,100,0.4,315,,2,1800,800,Axe,50714,26719,96618,50371,105455,54264,94040,47667,67798,34014,41809,20558,37980,18736,0,0,195041,100179,38,16,14,544108,278687,10.494372,8.15643
3,bane,all,Ranged,120,0.25,75,0.0,1,25,24,30,23,23,23,2.7,2.7,2.7,400,900,1.7000000000000002,100,0.30000000000000004,305,,4,1800,1200,Bane,6622,3151,11539,5525,11863,5763,10576,5293,7934,4017,5366,2776,5781,3019,0,0,35091,16313,23,13,43,71615,34725,-9.902211,-8.442541
4,bloodseeker,agi,Melee,120,0.25,75,0.0,2,25,35,41,24,24,17,2.7,3.1,2.0,150,900,1.7000000000000002,100,0.43,285,,2,1800,800,Bloodseeker,22588,11466,28785,14817,24365,12606,18566,9747,12722,6568,7306,3763,6208,3113,0,0,83498,40583,7,2,6,151117,76791,-2.5461745,-4.1531377
5,crystal_maiden,int,Ranged,120,0.25,75,0.0,0,25,28,34,17,16,20,2.2,1.8,3.3,600,900,1.7000000000000002,100,0.45,280,,2,1800,800,Crystal Maiden,38298,19720,60858,30748,60348,30311,50710,25084,36334,17782,22872,11363,21067,10320,0,0,152932,77594,39,16,2,326143,164112,6.902194,4.7095666
6,drow_ranger,agi,Ranged,120,0.25,75,0.0,0,25,29,36,16,22,15,1.9,2.9,1.4,625,1250,1.7000000000000002,100,0.5,310,0.7000000000000001,2,1800,800,Drow Ranger,46684,23672,78057,40344,82442,42939,72117,37828,52413,27098,32585,16796,30424,15714,0,0,245976,135515,10,4,27,439377,227510,10.244308,6.470633
7,earthshaker,str,Melee,120,1.0,75,0.0,2,25,27,37,22,12,18,3.7,1.4,2.1,150,0,1.7000000000000002,100,0.467,315,0.9,2,1800,800,Earthshaker,35138,16742,62771,29826,67766,32267,61888,29506,46168,22333,28746,13903,26510,12873,0,0,188289,87717,10,4,9,375677,179977,8.237732,5.5879307
8,juggernaut,agi,Melee,120,0.5,75,0.0,0,25,22,24,20,32,14,2.0,2.8,1.4,150,0,1.4,110,0.33,300,,2,1800,800,Juggernaut,45268,22683,82198,41382,89759,45398,80244,40742,56688,29011,34351,17604,28920,14435,0,0,212611,106121,18,10,13,470542,237960,10.02423,7.130904
9,mirana,agi,Ranged,120,0.25,75,0.4,-2,25,22,28,20,26,22,2.2,3.1,1.9,630,900,1.7000000000000002,100,0.35000000000000003,285,,2,1800,800,Mirana,18926,9627,36653,18729,40134,20651,35889,18552,25516,13228,15760,8033,14541,7403,0,0,111745,59291,7,3,1,209038,107191,2.4496508,0.032976046
10,morphling,agi,Ranged,120,0.5,75,0.0,-2,25,12,21,23,24,19,2.6,3.9,1.8,350,1300,1.5,100,0.5,285,0.7000000000000001,0,1800,800,Morphling,15018,7115,29192,13869,31731,14963,29552,13956,22956,10774,16657,7998,21254,10291,0,0,95576,45770,33,16,52,185434,88217,-0.45533603,-2.2801836
11,nevermore,agi,Ranged,120,0.25,75,0.30000000000000004,0,25,16,22,19,25,18,2.7,3.6,2.2,525,1200,1.6,100,0.5,305,0.9,0,1800,800,Shadow Fiend,48634,24219,96168,48658,111990,56597,108434,54577,86428,43322,59858,29581,66639,32929,0,0,307510,148761,162,81,204,632986,316259,11.805805,8.245594
12,phantom_lancer,agi,Melee,120,2.0,75,0.0,0,25,26,36,21,26,21,2.2,3.4,1.8,225,900,1.7000000000000002,110,0.5,285,,2,1800,800,Phantom Lancer,28878,15075,46284,24136,42948,22112,33807,17623,24045,12682,14926,7818,15291,8068,0,0,108505,59985,17,5,32,235875,122707,3.0681026,1.3800097
13,puck,int,Ranged,120,0.5,75,0.5,0,25,22,30,17,14,23,2.4,2.3,3.8,550,900,1.7000000000000002,100,0.5,290,0.9,2,1800,800,Puck,11670,5366,24194,11154,31242,14866,32849,15790,27808,13562,20153,9975,23085,11542,0,0,68559,31419,61,29,133,189831,91043,-1.7823757,-0.88947487
14,pudge,str,Melee,120,2.5,75,0.0,0,25,45,51,25,11,16,3.0,1.4,1.8,175,0,1.7000000000000002,100,0.5,280,0.7000000000000001,2,1800,800,Pudge,79613,41758,151520,78963,155760,80441,131574,67657,95005,48516,61727,31533,68413,34729,0,0,515607,267591,60,37,16,815036,421467,12.80826,8.506906
15,razor,agi,Ranged,120,1.0,75,0.0,0,25,23,25,22,24,21,2.8,2.8,2.2,475,2000,1.7000000000000002,100,0.30000000000000004,280,,0,1800,800,Razor,36158,19335,66064,35672,79192,42644,78921,42834,64414,34771,44130,23739,48255,25680,0,0,148343,79545,85,43,129,456297,244799,9.11445,7.599714
16,sand_king,all,Melee,120,0.25,75,0.0,1,25,19,29,23,19,17,2.3,2.0,2.0,150,900,1.7000000000000002,110,0.53,290,,6,1800,800,Sand King,17406,9199,30163,15756,30422,15685,26101,13018,19245,9584,12176,6059,11389,5644,0,0,75087,39340,26,11,119,171304,87559,-1.9190787,-2.5127747
17,storm_spirit,int,Ranged,120,0.5,75,0.0,1,25,24,34,21,22,23,2.0,2.6,3.7,480,1100,1.6,115,0.5,285,0.8,2,1800,800,Storm Spirit,19698,9488,37095,17950,43753,20920,43123,21057,34847,17200,24189,11942,26817,13213,0,0,106949,52536,66,34,86,251393,122476,3.8206959,1.9995016
18,sven,str,Melee,120,0.75,75,0.0,0,25,37,39,23,18,16,3.5,2.2,1.5,150,0,1.9,110,0.4,325,,2,1800,800,Sven,21080,10352,33243,16351,32062,15744,26663,13021,18871,9136,11228,5531,10683,5091,0,0,76172,38159,27,15,12,185235,91307,-1.2674886,-1.8550969
19,tiny,str,Melee,120,2.0,75,0.0,0,25,31,37,30,0,17,4.2,0.0,2.2,150,900,1.7000000000000002,90,0.4,275,,2,1800,800,Tiny,18583,8588,34399,15968,42282,19696,44896,21203,38691,18115,28771,13552,34440,16709,0,0,104424,47212,101,50,82,271504,127624,4.5512633,2.4570518
20,vengefulspirit,agi,Ranged,120,0.25,75,0.0,0,25,28,34,20,23,19,2.6,3.0,1.5,400,1500,1.7000000000000002,100,0.33,295,,2,1800,800,Vengeful Spirit,17510,9084,32326,16864,38285,20204,35441,18751,26570,13928,16381,8648,14114,7319,0,0,90448,49357,24,10,4,205437,107004,1.2420613,-0.1497046
21,windrunner,all,Ranged,120,0.25,75,0.25,0,25,24,36,18,17,18,2.6,2.1,3.2,600,1250,1.5,90,0.4,290,0.8,2,1800,800,Windranger,52042,26111,90258,44019,100933,49088,94967,46300,73281,35715,48954,23714,50274,24396,0,0,268032,135779,71,39,236,563655,276358,11.243086,7.866969
22,zuus,int,Ranged,120,0.25,75,0.0,2,25,29,37,19,11,23,2.1,1.2,3.3,380,1100,1.7000000000000002,100,0.35000000000000003,315,,2,1800,800,Zeus,41741,20894,72383,36005,76962,38329,68087,33542,49641,24372,31210,15224,29522,14320,0,0,255898,126525,27,15,45,413728,204463,9.906245,6.0154552
23,kunkka,str,Melee,120,0.75,75,0.0,2,25,30,36,24,14,18,3.6,1.6,1.8,150,900,1.7000000000000002,100,0.4,315,,2,1800,800,Kunkka,13972,6850,24330,11968,26950,13364,25977,13057,19998,10111,12923,6372,12141,6072,0,0,55725,26469,22,11,22,156347,78048,-4.38192,-4.2763867
25,lina,int,Ranged,120,0.25,75,0.0,0,25,21,29,20,23,30,2.4,2.4,4.0,670,1000,1.6,100,0.65,290,,2,1800,800,Lina,41907,20190,66631,32596,71156,34978,63919,31790,47002,22991,29130,14453,27486,13573,0,0,178364,85415,36,19,21,391148,191452,8.489431,5.9561887
26,lion,int,Ranged,120,0.5,75,0.0,0,25,29,35,18,15,19,2.4,1.7000000000000002,3.5,600,900,1.7000000000000002,115,0.43,290,,2,1800,800,Lion,70580,34760,137995,68233,153892,76316,139044,68953,102347,50717,64497,32222,60664,30383,0,0,353226,169955,90,45,18,789561,391621,12.54752,8.556957
27,shadow_shaman,int,Ranged,120,1.0,75,0.0,2,25,40,47,20,16,23,2.3,1.6,3.5,400,900,1.7000000000000002,100,0.30000000000000004,285,,2,1800,800,Shadow Shaman,53137,27478,94240,48317,98461,51219,86010,44634,62612,32841,39062,20433,38484,20290,0,0,176427,90852,92,47,24,517783,269324,10.0562,8.049325
28,slardar,str,Melee,120,0.5,75,0.0,2,25,30,38,21,17,15,3.6,2.1,1.5,150,0,1.7000000000000002,100,0.36,300,,0,1800,800,Slardar,24884,12732,44476,22465,47315,23801,43049,21700,31724,15835,20476,10239,20804,10398,0,0,87305,45889,51,29,24,263719,133635,3.985249,2.7806044
29,tidehunter,str,Melee,120,0.25,75,0.5,0,25,25,31,27,15,20,3.6,1.5,1.7000000000000002,150,900,1.7000000000000002,100,0.6000000000000001,300,,2,1800,800,Tidehunter,17447,8581,34020,16797,39674,19698,37079,18257,28028,13879,18780,9383,19736,9776,0,0,69654,36924,32,19,31,216565,107177,0.19302492,0.6714011
30,witch_doctor,int,Ranged,120,0.25,75,0.0,0,25,26,36,20,13,22,2.1,1.4,3.1,550,1200,1.7000000000000002,100,0.4,300,,2,1800,800,Witch Doctor,56254,29899,108193,57800,114627,60485,99314,51758,69670,35952,40934,20804,33235,16775,0,0,247103,130809,23,9,24,566421,295976,11.137184,8.152816
31,lich,int,Ranged,120,0.5,75,0.75,-1,25,24,33,20,17,28,2.1,2.0,3.8,550,900,1.7000000000000002,100,0.46,290,0.7000000000000001,2,1800,800,Lich,33946,18242,62762,33701,72295,38346,68903,36462,53606,28249,35965,18811,34044,17434,0,0,137277,74264,56,31,7,394044,207722,8.012298,6.657115
32,riki,agi,Melee,120,2.5,75,0.0,0,25,22,26,18,30,14,2.0,2.4,1.3,150,900,1.7000000000000002,90,0.30000000000000004,315,,2,1800,800,Riki,22547,11600,33021,17089,30370,15801,24514,12676,16225,8390,9890,5130,8624,4472,0,0,103193,52907,9,6,10,172695,89352,-0.54024994,-3.0700257
33,enigma,all,Ranged,120,0.25,75,0.5,1,25,19,25,21,14,19,2.5,1.0,3.6,500,900,1.7000000000000002,100,0.4,280,,0,1800,800,Enigma,11277,5557,19827,9881,19995,10148,16245,8310,11149,5809,6848,3595,7295,3990,0,0,81179,40845,5,2,42,108816,55055,-6.854465,-7.493441
34,tinker,int,Ranged,120,0.25,75,0.5,2,25,22,28,19,17,30,2.3,1.4,3.3,500,900,1.7000000000000002,100,0.35000000000000003,310,,2,1800,800,Tinker,19768,9305,35644,17062,38484,18667,35148,17189,26598,13009,18505,8998,21282,10499,0,0,99417,45032,29,13,101,220320,106238,1.7964283,0.48294005
35,sniper,agi,Ranged,120,0.25,75,0.0,0,25,13,19,19,27,15,2.0,3.2,2.6,550,3000,1.7000000000000002,100,0.17,285,0.7000000000000001,2,1800,1400,Sniper,71163,33965,119109,57238,124490,59381,104987,49856,70876,33525,40001,18663,31500,14440,0,0,419976,204630,51,28,30,635154,302306,12.372884,7.94957
36,necrolyte,int,Ranged,120,0.25,75,0.0,2,25,26,30,18,12,23,2.3,1.3,2.7,500,1200,1.7000000000000002,100,0.30000000000000004,280,,2,1800,800,Necrophos,41750,22318,76004,39625,80468,41766,70477,36008,50471,25309,30637,15415,27694,13645,0,0,164173,84645,20,12,13,417312,215606,8.827778,6.6224084
37,warlock,int,Ranged,120,0.25,75,0.0,1,25,27,37,22,10,25,2.4,1.0,3.1,600,1200,1.7000000000000002,90,0.30000000000000004,300,,2,1800,800,Warlock,25076,13055,48821,25223,53367,27044,48191,23970,36872,18234,24440,11788,28219,13594,0,0,99051,51594,115,55,97,289125,144667,4.930881,3.2372487
38,beastmaster,all,Melee,120,0.25,75,0.0,-1,25,23,27,25,19,16,2.9,1.9,1.9,150,0,1.7000000000000002,100,0.30000000000000004,305,,2,1800,800,Beastmaster,15772,7430,33069,15262,36261,16878,32485,14982,25718,11758,18155,8404,23207,10795,0,0,52506,22993,100,54,167,210071,97062,-1.1858451,0.6175675
39,queenofpain,int,Ranged,120,0.25,75,0.0,0,25,26,32,20,22,25,2.4,2.5,3.4,550,1500,1.5,100,0.56,290,,2,1800,800,Queen of Pain,29451,14067,62522,30084,78555,37908,78902,38589,62976,31091,42265,20716,44186,21595,0,0,156809,73935,64,33,93,429844,209250,8.599509,7.100337
40,venomancer,all,Ranged,120,0.25,75,0.0,0,25,18,21,19,25,19,2.1,2.8,1.8,450,900,1.7000000000000002,115,0.30000000000000004,280,,0,1800,800,Venomancer,34853,17682,62532,31740,67975,34784,59514,30588,42659,21907,26083,13221,23508,12161,0,0,184431,91769,14,8,107,351373,179298,7.678469,5.3912883
41,faceless_void,agi,Melee,120,1.0,75,0.0,0,25,37,43,20,21,15,2.6,3.3,1.5,150,900,1.7000000000000002,100,0.5,300,0.9,2,1800,800,Faceless Void,29495,14486,54847,26876,59059,29105,53650,26765,40292,20502,25948,13296,25525,13118,0,0,161954,85494,25,13,35,326480,163172,7.0117126,4.8214865
42,skeleton_king,str,Melee,120,0.5,75,0.0,1,25,38,40,22,16,16,2.8,1.7000000000000002,1.6,150,0,1.7000000000000002,100,0.56,310,,2,1800,800,Wraith King,34740,19131,64500,35113,65329,34923,53089,28164,35298,18412,18960,9821,12980,6523,0,0,134589,74592,12,8,14,320919,171206,6.5423794,4.677887
43,death_prophet,all,Ranged,120,0.25,75,0.5,0,25,22,32,21,17,24,2.9,2.0,3.0,600,1000,1.7000000000000002,100,0.5,290,0.8,2,1800,800,Death Prophet,15730,7621,21457,10511,20860,10262,17575,8464,13421,6543,8191,4067,9034,4418,0,0,50249,24743,16,11,78,129878,63436,-6.2262774,-5.9341235
44,phantom_assassin,agi,Melee,120,1.0,75,0.0,1,25,35,37,19,21,15,2.0,3.4,1.7000000000000002,150,900,1.7000000000000002,110,0.30000000000000004,310,0.8,2,1800,800,Phantom Assassin,51397,25478,79405,38979,76004,36832,61208,29530,40486,19247,22714,10923,17558,8383,0,0,267219,139361,8,4,6,404339,196872,9.981902,5.790605
45,pugna,int,Ranged,120,0.25,75,0.5,0,25,21,28,19,21,26,2.0,1.3,5.2,630,900,1.7000000000000002,100,0.5,330,,2,1800,800,Pugna,13318,6193,21673,10251,22893,11104,20530,10113,15161,7558,9871,4932,9435,4648,0,0,59147,27622,18,10,14,131191,64017,-6.228128,-5.472461
46,templar_assassin,agi,Ranged,120,1.0,75,0.0,0,25,28,33,21,23,20,2.4,3.4,2.0,250,1000,1.6,100,0.30000000000000004,310,0.7000000000000001,2,1800,800,Templar Assassin,16749,7770,31095,14628,33808,16249,30754,14920,23864,11944,16356,8024,20569,10468,0,0,56868,25437,68,36,80,195567,94120,-1.7523044,-0.06496176
47,viper,agi,Ranged,120,0.25,75,0.0,-2,25,27,29,21,21,17,2.4,2.7,2.0,575,1200,1.7000000000000002,120,0.33,275,,0,1800,800,Viper,39045,18765,54855,26244,54068,26204,45999,22428,33381,16341,20486,9942,21973,10760,0,0,163555,80010,49,21,193,314756,153550,6.888545,4.2987356
48,luna,agi,Ranged,120,0.5,75,0.0,2,25,26,32,21,24,23,2.2,3.4,1.9,330,900,1.7000000000000002,100,0.35000000000000003,325,,2,1800,800,Luna,20780,10436,34468,17325,35853,18015,32408,16042,24377,12148,16160,8074,16520,8114,0,0,85816,43770,51,17,6,210073,105759,1.0056578,0.033092473
49,dragon_knight,str,Melee,120,0.25,75,0.0,0,25,34,40,21,14,18,3.6,2.0,1.7000000000000002,150,900,1.6,100,0.5,315,,2,1800,800,Dragon Knight,19577,9497,34169,16232,36246,17031,30908,14374,21974,10329,13115,6245,12623,6021,0,0,61848,29286,77,27,36,197142,93142,-1.4435778,-0.14902338
50,dazzle,all,Ranged,120,0.25,75,0.30000000000000004,0,25,19,25,19,20,25,2.3,1.7000000000000002,3.5,575,1200,1.7000000000000002,100,0.30000000000000004,305,0.7000000000000001,2,1800,800,Dazzle,17192,8690,33839,17514,36849,19297,31546,16787,22083,11824,14347,7662,15302,8390,0,0,59056,30780,24,13,44,190790,99858,-1.6364989,-0.23549238
51,rattletrap,str,Melee,120,0.5,75,0.0,1,25,24,26,26,13,18,3.2,2.3,1.7000000000000002,150,900,1.7000000000000002,100,0.33,310,,2,1800,800,Clockwerk,9251,4619,19957,10035,26219,13418,28281,14410,24447,12504,18317,9440,20334,10506,0,0,72473,37644,26,14,15,165520,85005,-2.7853832,-2.7621868
52,leshrac,int,Ranged,120,0.25,75,0.0,1,25,27,31,20,17,22,2.8,2.5,3.5,575,900,1.7000000000000002,100,0.4,325,,4,1800,800,Leshrac,7092,3524,13434,6596,14752,7238,14493,7224,12041,6166,8657,4426,11552,6011,0,0,45152,22721,14,9,13,96019,47366,-8.680376,-7.722039
53,furion,all,Ranged,120,0.25,75,0.0,0,25,16,26,19,14,22,2.6,2.6,3.5,600,1125,1.5,100,0.4,295,0.9,2,1800,800,Nature's Prophet,30464,13712,48782,21177,48903,20920,41564,17771,28752,12318,17395,7571,15723,6928,0,0,112721,48025,10,6,50,261458,114281,3.5718105,2.323511
54,life_stealer,str,Melee,120,0.25,75,0.0,1,25,16,22,23,15,15,2.4,1.9,1.8,150,900,1.7000000000000002,100,0.39,315,0.9,2,1800,800,Lifestealer,18325,8876,34308,17022,38750,19491,35250,18167,26843,13833,17456,9037,15277,7814,0,0,86347,42631,23,11,16,217571,109689,1.1702708,0.5065365
55,dark_seer,int,Melee,120,1.0,75,0.0,1,25,31,37,20,19,22,2.6,1.5,2.7,150,900,1.7000000000000002,100,0.59,295,,2,1800,800,Dark Seer,5590,2786,9872,4898,10285,5122,9119,4592,7213,3559,5037,2504,6322,3232,0,0,46194,24382,22,14,9,65039,33123,-9.581989,-9.095504
56,clinkz,agi,Ranged,120,0.25,75,0.0,0,25,19,25,17,25,21,2.0,2.7,2.2,600,900,1.7000000000000002,100,0.4,290,,2,1800,800,Clinkz,32478,16034,48148,24314,47987,24395,43302,22527,34189,17964,23618,12540,27132,14547,0,0,151669,78066,23,12,43,292572,150864,6.3474336,3.8339725
57,omniknight,str,Melee,120,0.25,75,0.0,3,25,31,41,22,15,16,3.1,2.0,2.1,150,900,1.7000000000000002,100,0.433,310,,2,1800,800,Omniknight,10493,5365,19880,10237,23033,12030,23314,12282,18516,9800,12575,6759,13064,6998,0,0,48100,24975,9,3,7,139185,72676,-5.3399563,-5.4043837
58,enchantress,int,Ranged,120,0.25,75,0.5,1,25,21,31,17,19,22,2.0,2.1,4.0,575,900,1.7000000000000002,100,0.30000000000000004,320,,4,1800,800,Enchantress,14581,7343,17922,8928,14477,7082,10955,5372,7361,3500,4706,2277,5085,2527,0,0,62832,32387,27,19,19,94519,47277,-7.8328643,-8.039864
59,huskar,str,Ranged,120,0.25,0,0.0,1,25,21,26,23,10,18,3.3,1.5,1.5,400,1400,1.6,100,0.30000000000000004,295,,2,1800,800,Huskar,24643,11323,34406,16069,33129,15843,28686,13919,22151,10949,15258,7703,17617,8967,0,0,106333,50304,28,14,110,216194,103676,2.1439016,-0.0049162298
60,night_stalker,str,Melee,120,1.5,75,0.25,2,25,40,44,23,18,15,3.0,2.2,1.6,150,900,1.7000000000000002,100,0.55,295,,2,800,1800,Night Stalker,8892,4349,18482,9162,22114,11220,21623,11015,16559,8411,11317,5821,11492,5842,0,0,35454,17331,2,0,6,130184,66174,-5.53054,-6.4470005
61,broodmother,agi,Melee,120,0.25,75,0.0,-1,25,27,33,18,18,18,2.9,3.4,2.0,175,900,1.7000000000000002,125,0.4,285,,8,1800,800,Broodmother,16539,8704,26338,13633,23687,12635,17611,9362,11345,6007,7131,3796,8849,4770,0,0,60051,29726,9,4,25,131703,68756,-6.26438,-5.2035136
62,bounty_hunter,agi,Melee,120,0.75,75,0.5,5,25,33,41,19,21,20,2.5,2.6,1.9,150,900,1.5,100,0.59,325,,2,1800,1000,Bounty Hunter,19345,9483,32128,16011,32319,16075,28520,14504,20806,10789,13211,6783,15041,7998,0,0,103903,49623,4,0,3,185041,92712,-0.0316875,-2.4442677
63,weaver,agi,Ranged,120,1.25,75,0.5,1,25,37,43,16,17,20,2.0,3.3,2.0,425,900,1.8,120,0.55,275,,4,1800,800,Weaver,35137,17624,63017,31192,73226,36472,69132,34762,53719,27014,35628,17757,38595,19297,0,0,161732,82695,34,12,75,404535,202474,8.429166,6.4977217
64,jakiro,int,Ranged,120,0.25,75,0.0,1,25,27,35,25,15,26,2.5,1.2,3.0,400,1100,1.7000000000000002,100,0.4,290,0.8,2,1800,800,Jakiro,29863,14564,66999,32384,83292,39980,81170,38764,63263,30157,42703,20286,46201,21847,0,0,145093,69452,135,72,168,445530,213012,8.698496,7.404894
65,batrider,all,Ranged,120,1.25,75,0.0,2,25,12,16,23,13,22,2.9,1.8,2.9,400,900,1.7000000000000002,100,0.30000000000000004,320,0.9,2,1800,800,Batrider,5386,2432,11789,5357,14377,6514,14572,6855,12711,5963,9566,4551,13830,6785,0,0,31806,13484,64,35,209,92690,43436,-9.503725,-7.5648804
66,chen,int,Ranged,120,0.25,75,0.5,-1,25,29,39,23,15,19,2.0,2.1,3.2,650,1100,1.7000000000000002,100,0.5,305,,2,1800,800,Chen,2224,947,4057,1879,4346,1951,3736,1727,2948,1367,2282,1080,3272,1648,0,0,16499,7030,18,8,35,29703,14200,-11.10612,-9.430403
67,spectre,agi,Melee,120,1.0,75,0.0,0,25,23,27,21,25,16,2.5,2.1,1.7000000000000002,150,900,1.8,110,0.30000000000000004,290,,0,1800,800,Spectre,24818,13891,44364,24255,44003,23583,35534,18858,22834,12058,11928,6084,8329,4136,0,0,92703,52922,3,1,5,217320,116252,2.0419962,0.80646837
68,ancient_apparition,int,Ranged,120,0.25,75,0.0,-1,25,21,31,20,20,23,1.9,2.0,3.1,675,1250,1.7000000000000002,100,0.45,285,,0,1800,800,Ancient Apparition,23002,11585,41985,21809,46280,23601,41956,21324,31723,16036,19937,10066,19367,9631,0,0,127573,65746,20,9,24,248936,126933,3.7941666,1.7446296
69,doom_bringer,str,Melee,120,0.66,75,0.0,2,25,32,42,24,15,15,3.5,1.5,1.9,200,900,1.9,100,0.5,290,,2,1800,800,Doom,7511,3364,13904,6035,15663,7097,14448,6533,11013,5087,7378,3396,7685,3543,0,0,32313,14969,19,11,16,93354,43322,-9.348643,-7.718982
70,ursa,agi,Melee,120,1.0,75,0.0,1,25,24,28,25,18,16,2.4,2.8,1.5,150,900,1.7000000000000002,100,0.30000000000000004,310,,2,1800,800,Ursa,25766,11907,48894,23063,55163,26896,51638,25290,39712,19752,26505,13143,27872,14005,0,0,111181,53540,70,38,102,312851,151317,5.564854,3.8461123
71,spirit_breaker,str,Melee,120,1.25,75,0.5,1,25,34,44,28,17,14,3.3,1.7000000000000002,1.8,170,900,1.9,100,0.6000000000000001,295,,2,1800,800,Spirit Breaker,37503,19041,63883,32673,67939,34733,60482,30901,45283,23311,29083,15065,29500,15192,0,0,172304,82909,38,21,24,374376,192361,7.9445076,5.908897
72,gyrocopter,agi,Ranged,120,0.25,75,0.0,1,25,18,24,22,25,21,2.5,3.2,2.4,365,3000,1.7000000000000002,125,0.2,320,,2,1800,800,Gyrocopter,10297,4695,19997,9081,25112,11566,25140,11678,19654,9323,12771,5937,13072,6042,0,0,64243,31500,34,17,31,146840,68956,-5.1270385,-4.5793467
73,alchemist,str,Melee,120,0.25,75,0.0,0,25,27,33,23,22,25,2.7,1.5,1.8,150,900,1.7000000000000002,110,0.35000000000000003,295,,2,1800,800,Alchemist,14190,7218,28229,14315,32466,16550,29628,14908,22210,11340,14292,7323,13860,6962,0,0,69649,37077,9,5,8,181055,92646,-1.7690167,-1.6666038
74,invoker,int,Ranged,120,0.25,75,0.0,-1,25,19,25,19,14,20,2.5,2.0,4.0,600,900,1.7000000000000002,100,0.4,285,,2,1800,800,Invoker,46148,23016,97471,49235,115873,59342,108643,56027,85219,44223,57008,30026,59878,31853,0,0,374208,190815,61,26,48,616327,316301,12.13933,7.963116
75,silencer,int,Ranged,120,0.25,75,0.0,0,25,18,32,18,22,25,2.2,2.2,2.9,600,900,1.6,110,0.5,290,,2,1800,800,Silencer,29043,14459,57546,27938,63908,30950,55270,26545,39126,18664,23046,10893,19207,8974,0,0,126893,62213,35,14,36,313896,152152,6.0101414,4.1960387
76,obsidian_destroyer,int,Ranged,120,1.0,75,0.0,1,25,19,31,21,22,30,2.9,1.6,4.2,450,900,1.9,100,0.46,315,,4,1800,800,Outworld Devourer,14919,7430,28709,14443,34146,17611,32632,17023,24882,13134,16361,8536,14966,7639,0,0,68063,34795,16,8,29,187783,96763,-1.4224217,-1.0096066
77,lycan,str,Melee,120,0.25,75,0.0,0,25,24,29,28,18,23,3.4,1.7000000000000002,1.7000000000000002,150,900,1.7000000000000002,110,0.55,305,,2,1800,800,Lycan,5657,2835,9939,4885,8897,4292,7183,3503,4549,2206,2950,1438,3192,1641,0,0,29867,15473,1,0,2,57490,28916,-10.292689,-8.983782
78,brewmaster,all,Melee,120,0.5,75,0.0,1,25,26,33,23,19,17,3.2,2.0,1.9,150,900,1.7000000000000002,100,0.35000000000000003,310,,2,1800,800,Brewmaster,3488,1719,6149,3095,6811,3486,6622,3357,5612,2807,4179,2079,5676,2877,0,0,19201,8834,34,15,99,50063,24744,-10.883616,-8.7969055
79,shadow_demon,int,Ranged,120,0.25,75,0.0,0,25,29,33,23,18,22,2.6,2.2,3.6,500,900,1.7000000000000002,100,0.35000000000000003,290,,2,1800,800,Shadow Demon,5607,2472,11056,5101,14742,6858,16095,7667,13799,6630,10664,5233,14058,6899,0,0,31563,14704,81,46,190,98503,47301,-9.305439,-7.2475095
80,lone_druid,agi,Ranged,120,0.25,75,0.0,0,25,22,26,18,20,13,2.5,2.8,1.4,550,900,1.6,100,0.33,295,,2,1800,800,Lone Druid,4785,2303,7960,3804,7981,3952,7017,3415,5443,2828,3851,2000,4594,2460,0,0,23315,10240,5,4,28,50275,25049,-10.407364,-9.431661
81,chaos_knight,str,Melee,120,0.25,75,0.0,2,25,29,49,24,18,18,3.1,1.8,1.2,150,900,1.7000000000000002,100,0.5,325,,2,1800,800,Chaos Knight,25581,13698,40585,21362,36690,19051,29989,15655,20756,10799,12161,6423,10931,5670,0,0,92708,52237,22,11,2,208739,109946,1.746723,-0.025937935
82,meepo,agi,Melee,120,0.25,75,0.25,3,25,29,35,24,17,18,2.2,2.1,1.9,150,900,1.7000000000000002,100,0.38,320,0.9,2,1800,800,Meepo,8481,4199,12893,6598,11948,6279,9637,5019,6698,3583,4438,2405,5026,2739,0,0,46778,22690,6,5,18,72070,37307,-9.316073,-8.761403
83,treant,str,Melee,120,0.25,75,0.25,0,25,60,68,25,15,20,3.4,1.8,1.8,150,900,1.9,100,0.6000000000000001,280,,2,1800,800,Treant Protector,10540,4994,19508,9502,22445,11224,22106,11063,18111,9181,14056,7328,20141,10695,0,0,45798,20654,49,30,212,141070,70522,-5.0378294,-5.6690035
84,ogre_magi,str,Melee,120,1.5,120,0.0,4,25,45,51,25,14,0,4.2,1.5,0.0,150,900,1.7000000000000002,100,0.30000000000000004,290,,2,1800,800,Ogre Magi,56418,29292,102488,52227,105523,53486,87165,43954,60086,30300,35044,17803,28671,14384,0,0,327403,173499,116,52,14,524208,267474,11.623462,7.3813434
85,undying,str,Melee,120,,75,0.25,1,25,33,41,22,10,27,2.4,1.2,2.8,150,900,1.7000000000000002,100,0.30000000000000004,300,,2,1800,800,Undying,26716,13715,50285,25889,52547,27044,44922,23261,31629,16416,19894,10422,18782,9726,0,0,99608,50585,15,9,22,271318,139304,4.360909,2.9646065
86,rubick,int,Ranged,120,0.25,75,0.5,1,25,26,32,21,23,24,2.0,2.5,3.7,550,1125,1.7000000000000002,100,0.4,290,0.7000000000000001,2,1800,800,Rubick,30742,14561,71329,33913,94831,45362,98483,47459,81054,39393,55199,26922,55916,27203,0,0,278470,134701,73,39,47,519692,250233,11.085052,7.3531475
87,disruptor,int,Ranged,120,0.25,75,0.0,0,25,27,31,21,15,20,2.4,1.4,2.9,625,1200,1.7000000000000002,100,0.4,295,,2,1800,800,Disruptor,13485,6659,30546,15203,40585,20302,41525,20684,33500,16810,23549,11979,25913,13116,0,0,61840,29797,79,31,38,227919,114624,0.09357379,1.3921994
88,nyx_assassin,all,Melee,120,2.0,75,0.0,1,25,26,30,17,18,21,2.7,2.9,2.6,150,900,1.7000000000000002,100,0.46,310,,6,1800,800,Nyx Assassin,16510,8591,33196,17327,39516,20722,37950,20086,29935,15779,19440,10293,19445,10236,0,0,113878,58524,21,13,76,218327,114475,2.7287655,0.45260838
89,naga_siren,agi,Melee,120,1.0,75,0.0,1,25,23,25,21,22,19,2.4,3.4,2.0,150,900,1.7000000000000002,110,0.5,330,,0,1800,800,Naga Siren,10614,5472,13448,6669,9990,4882,6692,3306,4272,2071,2379,1145,2467,1244,0,0,42642,22636,7,4,15,66661,33919,-9.624614,-9.066546
90,keeper_of_the_light,int,Ranged,120,0.25,75,0.0,0,25,20,27,18,15,24,2.3,1.6,3.3,600,900,1.7000000000000002,100,0.30000000000000004,320,0.7000000000000001,2,1800,800,Keeper of the Light,10146,4776,17240,8236,17102,8178,14065,6922,10720,5386,7087,3502,7653,3828,0,0,46329,20544,16,10,28,100736,48172,-8.378768,-7.566893
91,wisp,all,Ranged,120,0.25,75,0.0,1,25,21,27,19,14,21,3.0,1.6,1.7000000000000002,500,1200,1.7000000000000002,100,0.30000000000000004,320,0.7000000000000001,0,1800,800,Io,10855,5279,20038,9834,21096,10608,17605,8981,12703,6510,8028,4131,8547,4392,0,0,61296,29817,3,3,50,111658,55784,-7.287881,-6.77199
92,visage,all,Ranged,120,0.25,75,0.0,0,25,21,31,22,11,22,2.8,1.3,2.9,600,1400,1.7000000000000002,110,0.4,285,,2,1800,800,Visage,6901,3414,11344,5853,11138,5885,9267,4910,6567,3473,4715,2516,6558,3581,0,0,27958,13170,10,6,133,69755,36246,-10.199798,-8.359902
93,slark,agi,Melee,120,0.25,75,0.0,0,25,37,43,20,21,16,2.1,1.5,1.9,150,0,1.7000000000000002,120,0.5,300,0.7000000000000001,2,1800,1800,Slark,37067,19428,78205,40135,93109,47231,87922,44133,68321,34483,44912,22705,46402,23798,0,0,208802,109469,32,13,36,495948,253086,10.250776,7.5241747
94,medusa,agi,Ranged,120,0.25,75,0.0,-1,25,26,32,0,22,25,0.0,3.6,3.6,600,1200,1.7000000000000002,100,0.5,275,,0,1800,800,Medusa,14238,7100,25992,13131,27559,13839,24155,12117,16882,8409,10257,5081,8870,4284,0,0,64283,34869,25,11,39,144267,72391,-5.3598294,-4.518217
95,troll_warlord,agi,Ranged,120,0.25,75,0.0,-1,25,27,35,21,23,13,2.5,3.3,1.0,500,1200,1.7000000000000002,100,0.30000000000000004,290,,2,1800,800,Troll Warlord,16251,8453,20399,10551,16716,8481,12416,6251,8396,4068,4763,2360,4031,1893,0,0,69065,36595,20,9,26,107918,54989,-7.160233,-7.400587
96,centaur,str,Melee,120,3.0,75,0.0,-2,25,36,38,27,15,15,4.0,1.0,1.6,150,900,1.7000000000000002,90,0.30000000000000004,305,,4,1800,800,Centaur Warrunner,16439,8582,34866,18024,41817,21498,40210,20473,31230,15555,20577,10292,19520,9615,0,0,71554,38411,64,28,38,233192,119079,0.77788436,1.4471184
97,magnataur,all,Melee,120,0.5,75,0.5,1,25,31,39,23,12,20,3.1,2.0,2.1,200,900,1.8,100,0.5,305,0.8,4,1800,800,Magnus,13585,6410,39056,18866,58113,28453,64036,31552,53690,26679,36532,18399,35652,17775,0,0,138099,63650,9,6,61,324299,159688,6.1106176,4.7283115
98,shredder,str,Melee,120,0.25,75,0.5,0,25,23,27,26,16,23,3.5,1.6,2.7,150,900,1.7000000000000002,100,0.36,280,,2,1800,800,Timbersaw,11997,5570,21852,9933,25154,11510,24397,11259,19281,8827,13635,6181,16068,7465,0,0,50990,23533,38,15,29,152850,70048,-4.656695,-4.842833
99,bristleback,str,Melee,120,1.0,75,0.4,1,25,31,37,22,17,14,2.8,1.8,2.8,150,900,1.8,100,0.30000000000000004,295,0.9,2,1800,800,Bristleback,31913,16264,45864,22495,40098,18803,30009,13836,19395,8888,11780,5462,11462,5238,0,0,112574,61522,48,25,40,226544,109659,2.838115,0.83833355
100,tusk,str,Melee,120,1.0,75,0.5,1,25,27,31,23,23,18,3.9,1.9,1.7000000000000002,150,900,1.7000000000000002,100,0.36,310,0.7000000000000001,2,1800,800,Tusk,11224,5187,23341,10661,30669,14764,33816,16432,30346,14981,23372,11696,28344,14135,0,0,83937,38941,73,41,94,201798,97863,-0.16255853,-0.59149563
101,skywrath_mage,int,Ranged,120,0.25,75,0.25,-2,25,16,26,21,13,25,2.0,0.8,4.1,625,1000,1.7000000000000002,90,0.4,325,,2,1800,800,Skywrath Mage,42393,21843,76856,39611,83099,42785,74947,38352,55976,28646,36593,18499,38106,19139,0,0,201559,103067,55,29,50,447960,228817,9.644217,6.892375
102,abaddon,all,Melee,120,1.0,75,0.0,-1,25,22,32,21,22,18,2.6,1.5,2.0,150,900,1.5,95,0.56,325,0.6000000000000001,2,1800,800,Abaddon,10392,5259,19150,9751,22725,11593,21102,10634,16487,8183,10647,5400,9881,4862,0,0,48507,24756,24,12,74,133921,66477,-5.69809,-5.782521
103,elder_titan,str,Melee,120,0.75,75,0.25,0,25,23,33,26,16,23,3.0,1.8,1.6,150,900,1.7000000000000002,100,0.35000000000000003,305,,2,1800,800,Elder Titan,3652,1776,5998,2978,5671,3014,4733,2519,3334,1714,2520,1271,3546,1907,0,0,25626,12735,6,1,4,43034,21235,-10.560467,-9.567391
104,legion_commander,str,Melee,120,0.25,75,0.0,0,25,33,37,24,18,20,3.1,1.7000000000000002,2.2,150,900,1.7000000000000002,100,0.46,325,,2,1800,800,Legion Commander,42436,22142,86821,46147,95362,50393,83499,44145,60387,31896,36540,19179,32918,17117,0,0,129649,60788,16,10,3,486543,255560,9.306793,8.041972
105,techies,all,Ranged,120,1.0,75,1.0,2,25,20,22,19,16,25,2.6,1.8,3.0,600,900,1.7000000000000002,90,0.5,310,,6,1800,800,Techies,37776,18909,63975,31220,64842,31576,56128,26942,40268,19213,24850,11741,20746,9867,0,0,196684,90361,36,17,91,347413,168967,7.7890835,5.112203
106,ember_spirit,agi,Melee,120,0.5,75,0.0,0,25,33,37,22,22,20,2.3,3.2,2.2,150,900,1.7000000000000002,100,0.4,300,0.8,2,1800,800,Ember Spirit,11103,5028,23499,10797,30415,14242,32584,15584,28061,13488,20335,9886,23987,11636,0,0,67555,30464,64,37,70,187371,88858,-2.0726395,-1.0248444
107,earth_spirit,str,Melee,120,1.0,75,0.0,0,25,25,29,22,17,18,3.8,2.4,2.1,150,900,1.7000000000000002,100,0.35000000000000003,290,,2,1800,800,Earth Spirit,5660,2671,11820,5718,15532,7535,16888,8423,14515,7192,10509,5218,13122,6626,0,0,47913,21894,32,18,8,99624,49351,-8.521023,-7.216054
108,abyssal_underlord,str,Melee,120,0.25,75,0.0,3,25,37,43,25,12,18,3.2,1.6,2.3,200,900,1.7000000000000002,100,0.45,290,,2,1800,800,Underlord,13338,6862,29503,15307,38115,19493,38314,19314,32349,16224,23310,11449,26697,13153,0,0,62242,32186,63,31,61,221572,111401,-0.11170693,1.129059
109,terrorblade,agi,Melee,120,0.5,75,0.0,5,25,26,32,18,22,19,2.0,4.0,1.6,150,900,1.5,110,0.30000000000000004,315,0.8,2,1800,800,Terrorblade,9176,4172,14125,6425,13324,5947,10558,4689,7551,3396,4791,2108,5760,2642,0,0,48345,22364,15,7,18,84739,38079,-8.945033,-8.410275
110,phoenix,str,Ranged,120,2.0,75,0.0,-1,25,21,31,23,12,16,3.3,1.5,1.8,525,1100,1.7000000000000002,100,0.35000000000000003,280,0.9,2,1800,800,Phoenix,9051,4505,20855,10548,27583,14080,28461,14618,23322,11932,16433,8376,21739,11243,0,0,51091,25159,78,38,55,162744,82858,-4.0361667,-3.6110744
111,oracle,int,Ranged,120,0.25,75,0.5,1,25,13,19,20,15,26,2.2,1.7000000000000002,3.6,625,900,1.7000000000000002,100,0.30000000000000004,295,0.7000000000000001,2,1800,800,Oracle,7030,3217,14640,7049,17692,8624,17070,8634,13541,6839,9095,4579,9416,4763,0,0,47520,23008,2,1,12,99850,49556,-8.3720255,-7.306948
112,winter_wyvern,int,Ranged,120,0.25,75,0.5,1,25,16,23,22,16,26,2.5,1.7000000000000002,3.6,450,700,1.7000000000000002,100,0.25,285,,2,1800,1200,Winter Wyvern,11701,6023,21326,10894,21395,10963,19020,9958,15276,8115,9985,5292,12941,7087,0,0,50094,25117,15,10,25,126623,65790,-6.1057963,-6.146037
113,arc_warden,all,Ranged,120,0.25,75,0.0,0,25,23,29,20,20,24,2.4,3.0,2.6,625,900,1.7000000000000002,110,0.30000000000000004,285,0.7000000000000001,2,1800,800,Arc Warden,12883,6470,23832,12172,22811,11803,17960,9313,12836,6770,8032,4253,8170,4266,0,0,64000,30622,3,1,50,126433,63975,-6.7362776,-5.657652
114,monkey_king,agi,Melee,120,1.0,75,0.0,1,25,29,33,19,24,20,2.8,3.7,1.8,300,900,1.6,95,0.45,300,,2,1800,800,Monkey King,15244,6669,25312,11061,27171,12078,25256,11165,19982,9041,13061,5978,13876,6534,0,0,90910,41201,13,8,16,161567,72572,-1.9415171,-3.5673747
119,dark_willow,int,Ranged,120,0.75,75,0.0,0,25,27,35,20,18,21,2.0,1.6,3.5,475,1200,1.5,115,0.30000000000000004,290,0.7000000000000001,2,1800,800,Dark Willow,16120,7715,26606,12762,27800,13424,25870,12714,20263,10065,14270,7196,16515,8387,0,0,85080,41621,39,18,13,167423,82435,-1.8109009,-3.0520332
120,pangolier,all,Melee,120,1.25,75,0.0,2,25,26,32,19,18,16,2.7,3.2,2.2,150,900,1.7000000000000002,100,0.33,295,0.9,2,1800,800,Pangolier,3328,1506,6105,2841,6890,3211,6596,3021,5620,2693,3824,1807,4605,2235,0,0,26818,11698,8,5,87,46797,22055,-10.798,-9.013381
121,grimstroke,int,Ranged,120,0.25,75,0.0,0,25,21,25,21,18,25,2.4,1.9,3.8,600,900,1.7000000000000002,100,0.35000000000000003,290,,0,1800,800,Grimstroke,10179,5144,20016,9981,22905,11498,20782,10312,15659,7812,10293,5198,9855,4936,0,0,49313,24414,10,6,7,124968,61845,-6.3576202,-6.305718
123,hoodwink,agi,Ranged,120,0.25,75,0.0,0,25,22,29,17,25,21,2.0,3.6,2.9,575,1800,2.0,100,0.4,315,0.9,4,1800,800,Hoodwink,25797,12451,45403,22096,48625,23482,42763,20762,32132,15559,20442,10065,20755,10081,0,0,116889,55051,41,18,5,263325,128323,4.0338016,2.431545
126,void_spirit,all,Melee,120,0.25,75,0.6000000000000001,-1,25,22,26,22,21,24,2.6,2.2,3.1,200,900,1.7000000000000002,100,0.35000000000000003,290,0.7000000000000001,2,1800,800,Void Spirit,10361,5109,20132,10202,25332,12785,27701,14447,24131,12519,18151,9177,22844,11551,0,0,60941,30207,52,25,159,164526,83627,-3.554234,-3.1239443
128,snapfire,all,Ranged,120,0.75,75,0.0,1,25,25,31,21,16,21,3.5,1.9,2.2,400,1800,1.8,100,0.35000000000000003,300,,2,1800,800,Snapfire,13031,6115,26342,12560,33897,16202,35466,17055,29086,13880,20279,9795,21331,10289,0,0,70183,31615,50,24,74,196229,94025,-1.0462925,-0.5324396
129,mars,str,Melee,120,0.25,75,0.5,-1,25,26,34,23,20,21,3.7,1.7000000000000002,2.2,250,900,1.8,100,0.4,310,0.8,2,1800,800,Mars,13024,5999,30669,14189,43589,20297,48458,22901,43224,20303,32309,15216,38307,18161,0,0,81756,39123,122,53,79,269788,126914,4.754627,2.2203681
131,ringmaster,int,Ranged,120,0.25,75,0.0,1,25,23,33,21,13,25,2.1,1.4,3.0,575,1200,1.7000000000000002,100,0.5,310,0.6000000000000001,2,1800,800,Ring Master,6318,2956,12705,5971,16004,7572,17460,8354,15519,7507,11748,5666,14322,6899,0,0,34580,15924,40,19,36,101882,48599,-9.032108,-7.0273895
135,dawnbreaker,str,Melee,120,0.5,75,0.0,2,25,25,29,25,14,20,3.4,1.7000000000000002,2.0,150,900,1.7000000000000002,100,0.46,300,0.6000000000000001,2,1800,800,Dawnbreaker,9562,4671,19595,9814,24595,12370,24790,12304,20690,10052,14228,7037,14183,6924,0,0,48440,24135,11,6,6,147151,73499,-4.8441906,-5.128816
136,marci,all,Melee,120,0.25,75,0.0,0,25,29,33,23,20,19,3.0,2.2,1.9,150,0,1.7000000000000002,100,0.30000000000000004,315,0.9,2,1800,800,Marci,17324,8227,29347,14346,31808,15920,29099,14720,22539,11491,15388,7928,17981,9277,0,0,72553,33286,41,18,103,190273,94946,-1.2206558,-1.1240683
137,primal_beast,str,Melee,120,0.25,75,0.0,2,25,36,38,26,15,16,4.3,1.0,1.7000000000000002,150,900,1.8,100,0.6000000000000001,305,0.6000000000000001,2,1800,800,Primal Beast,9402,4524,17997,8649,20619,9905,19546,9342,16226,7666,11997,5724,14162,6929,0,0,54834,27485,34,17,62,123493,59454,-6.775765,-6.2019186
138,muerta,int,Ranged,120,0.25,75,0.0,0,25,24,32,19,21,23,2.0,2.7,3.6,575,3000,1.7000000000000002,115,0.35000000000000003,295,0.7000000000000001,2,1800,800,Muerta,14627,7198,24523,11959,27770,13256,26960,12890,22122,10420,15821,7422,17637,8173,0,0,88846,46686,34,20,36,172367,83354,-1.3787482,-2.9380205
145,kez,agi,Melee,120,1.5,75,0.25,1,25,23,29,20,27,20,2.8,3.5,1.7000000000000002,225,900,1.8,110,0.35000000000000003,315,1.0,2,1800,800,Kez,13510,6508,25026,12056,31039,14870,33586,15949,30293,14298,23105,10969,27593,12953,0,0,79522,36949,49,20,48,201232,95905,-0.38399455,-0.52728486
155,largo,str,Melee,120,0.25,75,0.0,2,25,39,45,24,14,21,3.6,1.3,2.4,150,0,1.7000000000000002,100,0.35000000000000003,290,0.7000000000000001,2,1800,800,Largo,8045,3960,19007,9567,27438,14204,32882,17214,30901,16465,23870,12821,29742,16162,0,0,60044,30641,81,40,156,184854,96494,-2.561719,-0.7727267
